factor,freq,factor_group_label,factor_package,factor_packages,name_cn,meaning_cn,formula_cn,description,used_in_run,factor_group_key
fund_profitability_diff_fd_profitability_raw_01__fd_profitability_disp,5min,Fundamental Packages,fund_profitability,fund_profitability,基本面盈利能力包·盈利能力原始指标01-盈利能力离散度差值,比较 盈利能力原始指标01 与 盈利能力离散度 的相对强弱，突出两者差异变化。,fund_profitability_diff_fd_profitability_raw_01__fd_profitability_disp = 列(盈利能力原始指标01) - 列(盈利能力离散度),fund_profitability diff fd_profitability_raw_01-fd_profitability_disp,True,fundamental
fund_profitability_diff_fd_profitability_raw_01__fd_profitability_raw_02,5min,Fundamental Packages,fund_profitability,fund_profitability,基本面盈利能力包·盈利能力原始指标01-盈利能力原始指标02差值,比较 盈利能力原始指标01 与 盈利能力原始指标02 的相对强弱，突出两者差异变化。,fund_profitability_diff_fd_profitability_raw_01__fd_profitability_raw_02 = 列(盈利能力原始指标01) - 列(盈利能力原始指标02),fund_profitability diff fd_profitability_raw_01-fd_profitability_raw_02,True,fundamental
fund_profitability_diff_fd_profitability_raw_01__fd_profitability_raw_03,5min,Fundamental Packages,fund_profitability,fund_profitability,基本面盈利能力包·盈利能力原始指标01-盈利能力原始指标03差值,比较 盈利能力原始指标01 与 盈利能力原始指标03 的相对强弱，突出两者差异变化。,fund_profitability_diff_fd_profitability_raw_01__fd_profitability_raw_03 = 列(盈利能力原始指标01) - 列(盈利能力原始指标03),fund_profitability diff fd_profitability_raw_01-fd_profitability_raw_03,True,fundamental
fund_profitability_diff_fd_profitability_raw_01__fd_profitability_raw_04,5min,Fundamental Packages,fund_profitability,fund_profitability,基本面盈利能力包·盈利能力原始指标01-盈利能力原始指标04差值,比较 盈利能力原始指标01 与 盈利能力原始指标04 的相对强弱，突出两者差异变化。,fund_profitability_diff_fd_profitability_raw_01__fd_profitability_raw_04 = 列(盈利能力原始指标01) - 列(盈利能力原始指标04),fund_profitability diff fd_profitability_raw_01-fd_profitability_raw_04,True,fundamental
fund_profitability_diff_fd_profitability_raw_01__fd_profitability_raw_05,5min,Fundamental Packages,fund_profitability,fund_profitability,基本面盈利能力包·盈利能力原始指标01-盈利能力原始指标05差值,比较 盈利能力原始指标01 与 盈利能力原始指标05 的相对强弱，突出两者差异变化。,fund_profitability_diff_fd_profitability_raw_01__fd_profitability_raw_05 = 列(盈利能力原始指标01) - 列(盈利能力原始指标05),fund_profitability diff fd_profitability_raw_01-fd_profitability_raw_05,True,fundamental
fund_profitability_diff_fd_profitability_raw_01__fd_profitability_score,5min,Fundamental Packages,fund_profitability,fund_profitability,基本面盈利能力包·盈利能力原始指标01-盈利能力综合评分差值,比较 盈利能力原始指标01 与 盈利能力综合评分 的相对强弱，突出两者差异变化。,fund_profitability_diff_fd_profitability_raw_01__fd_profitability_score = 列(盈利能力原始指标01) - 列(盈利能力综合评分),fund_profitability diff fd_profitability_raw_01-fd_profitability_score,True,fundamental
fund_profitability_diff_fd_profitability_raw_01__fd_profitability_trend,5min,Fundamental Packages,fund_profitability,fund_profitability,基本面盈利能力包·盈利能力原始指标01-盈利能力趋势变化差值,比较 盈利能力原始指标01 与 盈利能力趋势变化 的相对强弱，突出两者差异变化。,fund_profitability_diff_fd_profitability_raw_01__fd_profitability_trend = 列(盈利能力原始指标01) - 列(盈利能力趋势变化),fund_profitability diff fd_profitability_raw_01-fd_profitability_trend,True,fundamental
fund_profitability_diff_fd_profitability_raw_02__fd_profitability_disp,5min,Fundamental Packages,fund_profitability,fund_profitability,基本面盈利能力包·盈利能力原始指标02-盈利能力离散度差值,比较 盈利能力原始指标02 与 盈利能力离散度 的相对强弱，突出两者差异变化。,fund_profitability_diff_fd_profitability_raw_02__fd_profitability_disp = 列(盈利能力原始指标02) - 列(盈利能力离散度),fund_profitability diff fd_profitability_raw_02-fd_profitability_disp,True,fundamental
fund_profitability_diff_fd_profitability_raw_02__fd_profitability_raw_03,5min,Fundamental Packages,fund_profitability,fund_profitability,基本面盈利能力包·盈利能力原始指标02-盈利能力原始指标03差值,比较 盈利能力原始指标02 与 盈利能力原始指标03 的相对强弱，突出两者差异变化。,fund_profitability_diff_fd_profitability_raw_02__fd_profitability_raw_03 = 列(盈利能力原始指标02) - 列(盈利能力原始指标03),fund_profitability diff fd_profitability_raw_02-fd_profitability_raw_03,True,fundamental
fund_profitability_diff_fd_profitability_raw_02__fd_profitability_raw_04,5min,Fundamental Packages,fund_profitability,fund_profitability,基本面盈利能力包·盈利能力原始指标02-盈利能力原始指标04差值,比较 盈利能力原始指标02 与 盈利能力原始指标04 的相对强弱，突出两者差异变化。,fund_profitability_diff_fd_profitability_raw_02__fd_profitability_raw_04 = 列(盈利能力原始指标02) - 列(盈利能力原始指标04),fund_profitability diff fd_profitability_raw_02-fd_profitability_raw_04,True,fundamental
fund_profitability_diff_fd_profitability_raw_02__fd_profitability_raw_05,5min,Fundamental Packages,fund_profitability,fund_profitability,基本面盈利能力包·盈利能力原始指标02-盈利能力原始指标05差值,比较 盈利能力原始指标02 与 盈利能力原始指标05 的相对强弱，突出两者差异变化。,fund_profitability_diff_fd_profitability_raw_02__fd_profitability_raw_05 = 列(盈利能力原始指标02) - 列(盈利能力原始指标05),fund_profitability diff fd_profitability_raw_02-fd_profitability_raw_05,True,fundamental
fund_profitability_diff_fd_profitability_raw_02__fd_profitability_score,5min,Fundamental Packages,fund_profitability,fund_profitability,基本面盈利能力包·盈利能力原始指标02-盈利能力综合评分差值,比较 盈利能力原始指标02 与 盈利能力综合评分 的相对强弱，突出两者差异变化。,fund_profitability_diff_fd_profitability_raw_02__fd_profitability_score = 列(盈利能力原始指标02) - 列(盈利能力综合评分),fund_profitability diff fd_profitability_raw_02-fd_profitability_score,True,fundamental
fund_profitability_diff_fd_profitability_raw_02__fd_profitability_trend,5min,Fundamental Packages,fund_profitability,fund_profitability,基本面盈利能力包·盈利能力原始指标02-盈利能力趋势变化差值,比较 盈利能力原始指标02 与 盈利能力趋势变化 的相对强弱，突出两者差异变化。,fund_profitability_diff_fd_profitability_raw_02__fd_profitability_trend = 列(盈利能力原始指标02) - 列(盈利能力趋势变化),fund_profitability diff fd_profitability_raw_02-fd_profitability_trend,True,fundamental
fund_profitability_diff_fd_profitability_raw_03__fd_profitability_disp,5min,Fundamental Packages,fund_profitability,fund_profitability,基本面盈利能力包·盈利能力原始指标03-盈利能力离散度差值,比较 盈利能力原始指标03 与 盈利能力离散度 的相对强弱，突出两者差异变化。,fund_profitability_diff_fd_profitability_raw_03__fd_profitability_disp = 列(盈利能力原始指标03) - 列(盈利能力离散度),fund_profitability diff fd_profitability_raw_03-fd_profitability_disp,True,fundamental
fund_profitability_diff_fd_profitability_raw_03__fd_profitability_raw_04,5min,Fundamental Packages,fund_profitability,fund_profitability,基本面盈利能力包·盈利能力原始指标03-盈利能力原始指标04差值,比较 盈利能力原始指标03 与 盈利能力原始指标04 的相对强弱，突出两者差异变化。,fund_profitability_diff_fd_profitability_raw_03__fd_profitability_raw_04 = 列(盈利能力原始指标03) - 列(盈利能力原始指标04),fund_profitability diff fd_profitability_raw_03-fd_profitability_raw_04,True,fundamental
fund_profitability_diff_fd_profitability_raw_03__fd_profitability_raw_05,5min,Fundamental Packages,fund_profitability,fund_profitability,基本面盈利能力包·盈利能力原始指标03-盈利能力原始指标05差值,比较 盈利能力原始指标03 与 盈利能力原始指标05 的相对强弱，突出两者差异变化。,fund_profitability_diff_fd_profitability_raw_03__fd_profitability_raw_05 = 列(盈利能力原始指标03) - 列(盈利能力原始指标05),fund_profitability diff fd_profitability_raw_03-fd_profitability_raw_05,True,fundamental
fund_profitability_diff_fd_profitability_raw_03__fd_profitability_score,5min,Fundamental Packages,fund_profitability,fund_profitability,基本面盈利能力包·盈利能力原始指标03-盈利能力综合评分差值,比较 盈利能力原始指标03 与 盈利能力综合评分 的相对强弱，突出两者差异变化。,fund_profitability_diff_fd_profitability_raw_03__fd_profitability_score = 列(盈利能力原始指标03) - 列(盈利能力综合评分),fund_profitability diff fd_profitability_raw_03-fd_profitability_score,True,fundamental
fund_profitability_diff_fd_profitability_raw_03__fd_profitability_trend,5min,Fundamental Packages,fund_profitability,fund_profitability,基本面盈利能力包·盈利能力原始指标03-盈利能力趋势变化差值,比较 盈利能力原始指标03 与 盈利能力趋势变化 的相对强弱，突出两者差异变化。,fund_profitability_diff_fd_profitability_raw_03__fd_profitability_trend = 列(盈利能力原始指标03) - 列(盈利能力趋势变化),fund_profitability diff fd_profitability_raw_03-fd_profitability_trend,True,fundamental
fund_profitability_diff_fd_profitability_raw_04__fd_profitability_disp,5min,Fundamental Packages,fund_profitability,fund_profitability,基本面盈利能力包·盈利能力原始指标04-盈利能力离散度差值,比较 盈利能力原始指标04 与 盈利能力离散度 的相对强弱，突出两者差异变化。,fund_profitability_diff_fd_profitability_raw_04__fd_profitability_disp = 列(盈利能力原始指标04) - 列(盈利能力离散度),fund_profitability diff fd_profitability_raw_04-fd_profitability_disp,True,fundamental
fund_profitability_diff_fd_profitability_raw_04__fd_profitability_raw_05,5min,Fundamental Packages,fund_profitability,fund_profitability,基本面盈利能力包·盈利能力原始指标04-盈利能力原始指标05差值,比较 盈利能力原始指标04 与 盈利能力原始指标05 的相对强弱，突出两者差异变化。,fund_profitability_diff_fd_profitability_raw_04__fd_profitability_raw_05 = 列(盈利能力原始指标04) - 列(盈利能力原始指标05),fund_profitability diff fd_profitability_raw_04-fd_profitability_raw_05,True,fundamental
fund_profitability_diff_fd_profitability_raw_04__fd_profitability_score,5min,Fundamental Packages,fund_profitability,fund_profitability,基本面盈利能力包·盈利能力原始指标04-盈利能力综合评分差值,比较 盈利能力原始指标04 与 盈利能力综合评分 的相对强弱，突出两者差异变化。,fund_profitability_diff_fd_profitability_raw_04__fd_profitability_score = 列(盈利能力原始指标04) - 列(盈利能力综合评分),fund_profitability diff fd_profitability_raw_04-fd_profitability_score,True,fundamental
fund_profitability_diff_fd_profitability_raw_04__fd_profitability_trend,5min,Fundamental Packages,fund_profitability,fund_profitability,基本面盈利能力包·盈利能力原始指标04-盈利能力趋势变化差值,比较 盈利能力原始指标04 与 盈利能力趋势变化 的相对强弱，突出两者差异变化。,fund_profitability_diff_fd_profitability_raw_04__fd_profitability_trend = 列(盈利能力原始指标04) - 列(盈利能力趋势变化),fund_profitability diff fd_profitability_raw_04-fd_profitability_trend,True,fundamental
fund_profitability_diff_fd_profitability_raw_05__fd_profitability_disp,5min,Fundamental Packages,fund_profitability,fund_profitability,基本面盈利能力包·盈利能力原始指标05-盈利能力离散度差值,比较 盈利能力原始指标05 与 盈利能力离散度 的相对强弱，突出两者差异变化。,fund_profitability_diff_fd_profitability_raw_05__fd_profitability_disp = 列(盈利能力原始指标05) - 列(盈利能力离散度),fund_profitability diff fd_profitability_raw_05-fd_profitability_disp,True,fundamental
fund_profitability_diff_fd_profitability_raw_05__fd_profitability_score,5min,Fundamental Packages,fund_profitability,fund_profitability,基本面盈利能力包·盈利能力原始指标05-盈利能力综合评分差值,比较 盈利能力原始指标05 与 盈利能力综合评分 的相对强弱，突出两者差异变化。,fund_profitability_diff_fd_profitability_raw_05__fd_profitability_score = 列(盈利能力原始指标05) - 列(盈利能力综合评分),fund_profitability diff fd_profitability_raw_05-fd_profitability_score,True,fundamental
fund_profitability_diff_fd_profitability_raw_05__fd_profitability_trend,5min,Fundamental Packages,fund_profitability,fund_profitability,基本面盈利能力包·盈利能力原始指标05-盈利能力趋势变化差值,比较 盈利能力原始指标05 与 盈利能力趋势变化 的相对强弱，突出两者差异变化。,fund_profitability_diff_fd_profitability_raw_05__fd_profitability_trend = 列(盈利能力原始指标05) - 列(盈利能力趋势变化),fund_profitability diff fd_profitability_raw_05-fd_profitability_trend,True,fundamental
fund_profitability_diff_fd_profitability_score__fd_profitability_disp,5min,Fundamental Packages,fund_profitability,fund_profitability,基本面盈利能力包·盈利能力综合评分-盈利能力离散度差值,比较 盈利能力综合评分 与 盈利能力离散度 的相对强弱，突出两者差异变化。,fund_profitability_diff_fd_profitability_score__fd_profitability_disp = 列(盈利能力综合评分) - 列(盈利能力离散度),fund_profitability diff fd_profitability_score-fd_profitability_disp,True,fundamental
fund_profitability_diff_fd_profitability_score__fd_profitability_trend,5min,Fundamental Packages,fund_profitability,fund_profitability,基本面盈利能力包·盈利能力综合评分-盈利能力趋势变化差值,比较 盈利能力综合评分 与 盈利能力趋势变化 的相对强弱，突出两者差异变化。,fund_profitability_diff_fd_profitability_score__fd_profitability_trend = 列(盈利能力综合评分) - 列(盈利能力趋势变化),fund_profitability diff fd_profitability_score-fd_profitability_trend,True,fundamental
fund_profitability_diff_fd_profitability_trend__fd_profitability_disp,5min,Fundamental Packages,fund_profitability,fund_profitability,基本面盈利能力包·盈利能力趋势变化-盈利能力离散度差值,比较 盈利能力趋势变化 与 盈利能力离散度 的相对强弱，突出两者差异变化。,fund_profitability_diff_fd_profitability_trend__fd_profitability_disp = 列(盈利能力趋势变化) - 列(盈利能力离散度),fund_profitability diff fd_profitability_trend-fd_profitability_disp,True,fundamental
fund_profitability_lvl_fd_hf_profitability_flow,5min,Fundamental Packages,fund_profitability,fund_profitability,基本面盈利能力包·盈利能力高频资金流原值,直接使用 盈利能力高频资金流 作为 基本面盈利能力包 信号，反映该基础指标的绝对水平。,fund_profitability_lvl_fd_hf_profitability_flow = 列(盈利能力高频资金流),fund_profitability level fd_hf_profitability_flow,True,fundamental
fund_profitability_lvl_fd_hf_profitability_intraday,5min,Fundamental Packages,fund_profitability,fund_profitability,基本面盈利能力包·盈利能力高频日内原值,直接使用 盈利能力高频日内 作为 基本面盈利能力包 信号，反映该基础指标的绝对水平。,fund_profitability_lvl_fd_hf_profitability_intraday = 列(盈利能力高频日内),fund_profitability level fd_hf_profitability_intraday,True,fundamental
fund_profitability_lvl_fd_hf_profitability_jump,5min,Fundamental Packages,fund_profitability,fund_profitability,基本面盈利能力包·盈利能力高频跳跃原值,直接使用 盈利能力高频跳跃 作为 基本面盈利能力包 信号，反映该基础指标的绝对水平。,fund_profitability_lvl_fd_hf_profitability_jump = 列(盈利能力高频跳跃),fund_profitability level fd_hf_profitability_jump,True,fundamental
fund_profitability_lvl_fd_hf_profitability_sentiment,5min,Fundamental Packages,fund_profitability,fund_profitability,基本面盈利能力包·盈利能力高频情绪原值,直接使用 盈利能力高频情绪 作为 基本面盈利能力包 信号，反映该基础指标的绝对水平。,fund_profitability_lvl_fd_hf_profitability_sentiment = 列(盈利能力高频情绪),fund_profitability level fd_hf_profitability_sentiment,True,fundamental
fund_profitability_lvl_fd_hf_profitability_vwap,5min,Fundamental Packages,fund_profitability,fund_profitability,基本面盈利能力包·盈利能力高频VWAP原值,直接使用 盈利能力高频VWAP 作为 基本面盈利能力包 信号，反映该基础指标的绝对水平。,fund_profitability_lvl_fd_hf_profitability_vwap = 列(盈利能力高频VWAP),fund_profitability level fd_hf_profitability_vwap,True,fundamental
fund_profitability_lvl_fd_profitability_disp,5min,Fundamental Packages,fund_profitability,fund_profitability,基本面盈利能力包·盈利能力离散度原值,直接使用 盈利能力离散度 作为 基本面盈利能力包 信号，反映该基础指标的绝对水平。,fund_profitability_lvl_fd_profitability_disp = 列(盈利能力离散度),fund_profitability level fd_profitability_disp,True,fundamental
fund_profitability_lvl_fd_profitability_raw_01,5min,Fundamental Packages,fund_profitability,fund_profitability,基本面盈利能力包·盈利能力原始指标01原值,直接使用 盈利能力原始指标01 作为 基本面盈利能力包 信号，反映该基础指标的绝对水平。,fund_profitability_lvl_fd_profitability_raw_01 = 列(盈利能力原始指标01),fund_profitability level fd_profitability_raw_01,True,fundamental
fund_profitability_lvl_fd_profitability_raw_02,5min,Fundamental Packages,fund_profitability,fund_profitability,基本面盈利能力包·盈利能力原始指标02原值,直接使用 盈利能力原始指标02 作为 基本面盈利能力包 信号，反映该基础指标的绝对水平。,fund_profitability_lvl_fd_profitability_raw_02 = 列(盈利能力原始指标02),fund_profitability level fd_profitability_raw_02,True,fundamental
fund_profitability_lvl_fd_profitability_raw_03,5min,Fundamental Packages,fund_profitability,fund_profitability,基本面盈利能力包·盈利能力原始指标03原值,直接使用 盈利能力原始指标03 作为 基本面盈利能力包 信号，反映该基础指标的绝对水平。,fund_profitability_lvl_fd_profitability_raw_03 = 列(盈利能力原始指标03),fund_profitability level fd_profitability_raw_03,True,fundamental
fund_profitability_lvl_fd_profitability_raw_04,5min,Fundamental Packages,fund_profitability,fund_profitability,基本面盈利能力包·盈利能力原始指标04原值,直接使用 盈利能力原始指标04 作为 基本面盈利能力包 信号，反映该基础指标的绝对水平。,fund_profitability_lvl_fd_profitability_raw_04 = 列(盈利能力原始指标04),fund_profitability level fd_profitability_raw_04,True,fundamental
fund_profitability_lvl_fd_profitability_raw_05,5min,Fundamental Packages,fund_profitability,fund_profitability,基本面盈利能力包·盈利能力原始指标05原值,直接使用 盈利能力原始指标05 作为 基本面盈利能力包 信号，反映该基础指标的绝对水平。,fund_profitability_lvl_fd_profitability_raw_05 = 列(盈利能力原始指标05),fund_profitability level fd_profitability_raw_05,True,fundamental
fund_profitability_lvl_fd_profitability_score,5min,Fundamental Packages,fund_profitability,fund_profitability,基本面盈利能力包·盈利能力综合评分原值,直接使用 盈利能力综合评分 作为 基本面盈利能力包 信号，反映该基础指标的绝对水平。,fund_profitability_lvl_fd_profitability_score = 列(盈利能力综合评分),fund_profitability level fd_profitability_score,True,fundamental
fund_profitability_lvl_fd_profitability_trend,5min,Fundamental Packages,fund_profitability,fund_profitability,基本面盈利能力包·盈利能力趋势变化原值,直接使用 盈利能力趋势变化 作为 基本面盈利能力包 信号，反映该基础指标的绝对水平。,fund_profitability_lvl_fd_profitability_trend = 列(盈利能力趋势变化),fund_profitability level fd_profitability_trend,True,fundamental
fund_profitability_neg_fd_hf_profitability_flow,5min,Fundamental Packages,fund_profitability,fund_profitability,基本面盈利能力包·盈利能力高频资金流反向,对 盈利能力高频资金流 取负，构造方向相反的因子暴露。,fund_profitability_neg_fd_hf_profitability_flow = -列(盈利能力高频资金流),fund_profitability negative fd_hf_profitability_flow,True,fundamental
fund_profitability_neg_fd_hf_profitability_intraday,5min,Fundamental Packages,fund_profitability,fund_profitability,基本面盈利能力包·盈利能力高频日内反向,对 盈利能力高频日内 取负，构造方向相反的因子暴露。,fund_profitability_neg_fd_hf_profitability_intraday = -列(盈利能力高频日内),fund_profitability negative fd_hf_profitability_intraday,True,fundamental
fund_profitability_neg_fd_hf_profitability_jump,5min,Fundamental Packages,fund_profitability,fund_profitability,基本面盈利能力包·盈利能力高频跳跃反向,对 盈利能力高频跳跃 取负，构造方向相反的因子暴露。,fund_profitability_neg_fd_hf_profitability_jump = -列(盈利能力高频跳跃),fund_profitability negative fd_hf_profitability_jump,True,fundamental
fund_profitability_neg_fd_hf_profitability_sentiment,5min,Fundamental Packages,fund_profitability,fund_profitability,基本面盈利能力包·盈利能力高频情绪反向,对 盈利能力高频情绪 取负，构造方向相反的因子暴露。,fund_profitability_neg_fd_hf_profitability_sentiment = -列(盈利能力高频情绪),fund_profitability negative fd_hf_profitability_sentiment,True,fundamental
fund_profitability_neg_fd_hf_profitability_vwap,5min,Fundamental Packages,fund_profitability,fund_profitability,基本面盈利能力包·盈利能力高频VWAP反向,对 盈利能力高频VWAP 取负，构造方向相反的因子暴露。,fund_profitability_neg_fd_hf_profitability_vwap = -列(盈利能力高频VWAP),fund_profitability negative fd_hf_profitability_vwap,True,fundamental
fund_profitability_neg_fd_profitability_disp,5min,Fundamental Packages,fund_profitability,fund_profitability,基本面盈利能力包·盈利能力离散度反向,对 盈利能力离散度 取负，构造方向相反的因子暴露。,fund_profitability_neg_fd_profitability_disp = -列(盈利能力离散度),fund_profitability negative fd_profitability_disp,True,fundamental
fund_profitability_neg_fd_profitability_raw_01,5min,Fundamental Packages,fund_profitability,fund_profitability,基本面盈利能力包·盈利能力原始指标01反向,对 盈利能力原始指标01 取负，构造方向相反的因子暴露。,fund_profitability_neg_fd_profitability_raw_01 = -列(盈利能力原始指标01),fund_profitability negative fd_profitability_raw_01,True,fundamental
fund_profitability_neg_fd_profitability_raw_02,5min,Fundamental Packages,fund_profitability,fund_profitability,基本面盈利能力包·盈利能力原始指标02反向,对 盈利能力原始指标02 取负，构造方向相反的因子暴露。,fund_profitability_neg_fd_profitability_raw_02 = -列(盈利能力原始指标02),fund_profitability negative fd_profitability_raw_02,True,fundamental
fund_profitability_neg_fd_profitability_raw_03,5min,Fundamental Packages,fund_profitability,fund_profitability,基本面盈利能力包·盈利能力原始指标03反向,对 盈利能力原始指标03 取负，构造方向相反的因子暴露。,fund_profitability_neg_fd_profitability_raw_03 = -列(盈利能力原始指标03),fund_profitability negative fd_profitability_raw_03,True,fundamental
fund_profitability_neg_fd_profitability_raw_04,5min,Fundamental Packages,fund_profitability,fund_profitability,基本面盈利能力包·盈利能力原始指标04反向,对 盈利能力原始指标04 取负，构造方向相反的因子暴露。,fund_profitability_neg_fd_profitability_raw_04 = -列(盈利能力原始指标04),fund_profitability negative fd_profitability_raw_04,True,fundamental
fund_profitability_neg_fd_profitability_raw_05,5min,Fundamental Packages,fund_profitability,fund_profitability,基本面盈利能力包·盈利能力原始指标05反向,对 盈利能力原始指标05 取负，构造方向相反的因子暴露。,fund_profitability_neg_fd_profitability_raw_05 = -列(盈利能力原始指标05),fund_profitability negative fd_profitability_raw_05,True,fundamental
fund_profitability_neg_fd_profitability_score,5min,Fundamental Packages,fund_profitability,fund_profitability,基本面盈利能力包·盈利能力综合评分反向,对 盈利能力综合评分 取负，构造方向相反的因子暴露。,fund_profitability_neg_fd_profitability_score = -列(盈利能力综合评分),fund_profitability negative fd_profitability_score,True,fundamental
fund_profitability_neg_fd_profitability_trend,5min,Fundamental Packages,fund_profitability,fund_profitability,基本面盈利能力包·盈利能力趋势变化反向,对 盈利能力趋势变化 取负，构造方向相反的因子暴露。,fund_profitability_neg_fd_profitability_trend = -列(盈利能力趋势变化),fund_profitability negative fd_profitability_trend,True,fundamental
fund_profitability_ratio_fd_profitability_raw_01__fd_profitability_disp,5min,Fundamental Packages,fund_profitability,fund_profitability,基本面盈利能力包·盈利能力原始指标01/盈利能力离散度比值,衡量 盈利能力原始指标01 相对 盈利能力离散度 的比例关系，体现结构性偏离。,fund_profitability_ratio_fd_profitability_raw_01__fd_profitability_disp = 列(盈利能力原始指标01) / (|列(盈利能力离散度)| + EPS),fund_profitability ratio fd_profitability_raw_01/fd_profitability_disp,True,fundamental
fund_profitability_ratio_fd_profitability_raw_01__fd_profitability_raw_02,5min,Fundamental Packages,fund_profitability,fund_profitability,基本面盈利能力包·盈利能力原始指标01/盈利能力原始指标02比值,衡量 盈利能力原始指标01 相对 盈利能力原始指标02 的比例关系，体现结构性偏离。,fund_profitability_ratio_fd_profitability_raw_01__fd_profitability_raw_02 = 列(盈利能力原始指标01) / (|列(盈利能力原始指标02)| + EPS),fund_profitability ratio fd_profitability_raw_01/fd_profitability_raw_02,True,fundamental
fund_profitability_ratio_fd_profitability_raw_01__fd_profitability_raw_03,5min,Fundamental Packages,fund_profitability,fund_profitability,基本面盈利能力包·盈利能力原始指标01/盈利能力原始指标03比值,衡量 盈利能力原始指标01 相对 盈利能力原始指标03 的比例关系，体现结构性偏离。,fund_profitability_ratio_fd_profitability_raw_01__fd_profitability_raw_03 = 列(盈利能力原始指标01) / (|列(盈利能力原始指标03)| + EPS),fund_profitability ratio fd_profitability_raw_01/fd_profitability_raw_03,True,fundamental
fund_profitability_ratio_fd_profitability_raw_01__fd_profitability_raw_04,5min,Fundamental Packages,fund_profitability,fund_profitability,基本面盈利能力包·盈利能力原始指标01/盈利能力原始指标04比值,衡量 盈利能力原始指标01 相对 盈利能力原始指标04 的比例关系，体现结构性偏离。,fund_profitability_ratio_fd_profitability_raw_01__fd_profitability_raw_04 = 列(盈利能力原始指标01) / (|列(盈利能力原始指标04)| + EPS),fund_profitability ratio fd_profitability_raw_01/fd_profitability_raw_04,True,fundamental
fund_profitability_ratio_fd_profitability_raw_01__fd_profitability_raw_05,5min,Fundamental Packages,fund_profitability,fund_profitability,基本面盈利能力包·盈利能力原始指标01/盈利能力原始指标05比值,衡量 盈利能力原始指标01 相对 盈利能力原始指标05 的比例关系，体现结构性偏离。,fund_profitability_ratio_fd_profitability_raw_01__fd_profitability_raw_05 = 列(盈利能力原始指标01) / (|列(盈利能力原始指标05)| + EPS),fund_profitability ratio fd_profitability_raw_01/fd_profitability_raw_05,True,fundamental
fund_profitability_ratio_fd_profitability_raw_01__fd_profitability_score,5min,Fundamental Packages,fund_profitability,fund_profitability,基本面盈利能力包·盈利能力原始指标01/盈利能力综合评分比值,衡量 盈利能力原始指标01 相对 盈利能力综合评分 的比例关系，体现结构性偏离。,fund_profitability_ratio_fd_profitability_raw_01__fd_profitability_score = 列(盈利能力原始指标01) / (|列(盈利能力综合评分)| + EPS),fund_profitability ratio fd_profitability_raw_01/fd_profitability_score,True,fundamental
fund_profitability_ratio_fd_profitability_raw_01__fd_profitability_trend,5min,Fundamental Packages,fund_profitability,fund_profitability,基本面盈利能力包·盈利能力原始指标01/盈利能力趋势变化比值,衡量 盈利能力原始指标01 相对 盈利能力趋势变化 的比例关系，体现结构性偏离。,fund_profitability_ratio_fd_profitability_raw_01__fd_profitability_trend = 列(盈利能力原始指标01) / (|列(盈利能力趋势变化)| + EPS),fund_profitability ratio fd_profitability_raw_01/fd_profitability_trend,True,fundamental
fund_profitability_ratio_fd_profitability_raw_02__fd_profitability_disp,5min,Fundamental Packages,fund_profitability,fund_profitability,基本面盈利能力包·盈利能力原始指标02/盈利能力离散度比值,衡量 盈利能力原始指标02 相对 盈利能力离散度 的比例关系，体现结构性偏离。,fund_profitability_ratio_fd_profitability_raw_02__fd_profitability_disp = 列(盈利能力原始指标02) / (|列(盈利能力离散度)| + EPS),fund_profitability ratio fd_profitability_raw_02/fd_profitability_disp,True,fundamental
fund_profitability_ratio_fd_profitability_raw_02__fd_profitability_raw_03,5min,Fundamental Packages,fund_profitability,fund_profitability,基本面盈利能力包·盈利能力原始指标02/盈利能力原始指标03比值,衡量 盈利能力原始指标02 相对 盈利能力原始指标03 的比例关系，体现结构性偏离。,fund_profitability_ratio_fd_profitability_raw_02__fd_profitability_raw_03 = 列(盈利能力原始指标02) / (|列(盈利能力原始指标03)| + EPS),fund_profitability ratio fd_profitability_raw_02/fd_profitability_raw_03,True,fundamental
fund_profitability_ratio_fd_profitability_raw_02__fd_profitability_raw_04,5min,Fundamental Packages,fund_profitability,fund_profitability,基本面盈利能力包·盈利能力原始指标02/盈利能力原始指标04比值,衡量 盈利能力原始指标02 相对 盈利能力原始指标04 的比例关系，体现结构性偏离。,fund_profitability_ratio_fd_profitability_raw_02__fd_profitability_raw_04 = 列(盈利能力原始指标02) / (|列(盈利能力原始指标04)| + EPS),fund_profitability ratio fd_profitability_raw_02/fd_profitability_raw_04,True,fundamental
fund_profitability_ratio_fd_profitability_raw_02__fd_profitability_raw_05,5min,Fundamental Packages,fund_profitability,fund_profitability,基本面盈利能力包·盈利能力原始指标02/盈利能力原始指标05比值,衡量 盈利能力原始指标02 相对 盈利能力原始指标05 的比例关系，体现结构性偏离。,fund_profitability_ratio_fd_profitability_raw_02__fd_profitability_raw_05 = 列(盈利能力原始指标02) / (|列(盈利能力原始指标05)| + EPS),fund_profitability ratio fd_profitability_raw_02/fd_profitability_raw_05,True,fundamental
fund_profitability_ratio_fd_profitability_raw_02__fd_profitability_score,5min,Fundamental Packages,fund_profitability,fund_profitability,基本面盈利能力包·盈利能力原始指标02/盈利能力综合评分比值,衡量 盈利能力原始指标02 相对 盈利能力综合评分 的比例关系，体现结构性偏离。,fund_profitability_ratio_fd_profitability_raw_02__fd_profitability_score = 列(盈利能力原始指标02) / (|列(盈利能力综合评分)| + EPS),fund_profitability ratio fd_profitability_raw_02/fd_profitability_score,True,fundamental
fund_profitability_ratio_fd_profitability_raw_02__fd_profitability_trend,5min,Fundamental Packages,fund_profitability,fund_profitability,基本面盈利能力包·盈利能力原始指标02/盈利能力趋势变化比值,衡量 盈利能力原始指标02 相对 盈利能力趋势变化 的比例关系，体现结构性偏离。,fund_profitability_ratio_fd_profitability_raw_02__fd_profitability_trend = 列(盈利能力原始指标02) / (|列(盈利能力趋势变化)| + EPS),fund_profitability ratio fd_profitability_raw_02/fd_profitability_trend,True,fundamental
fund_profitability_ratio_fd_profitability_raw_03__fd_profitability_disp,5min,Fundamental Packages,fund_profitability,fund_profitability,基本面盈利能力包·盈利能力原始指标03/盈利能力离散度比值,衡量 盈利能力原始指标03 相对 盈利能力离散度 的比例关系，体现结构性偏离。,fund_profitability_ratio_fd_profitability_raw_03__fd_profitability_disp = 列(盈利能力原始指标03) / (|列(盈利能力离散度)| + EPS),fund_profitability ratio fd_profitability_raw_03/fd_profitability_disp,True,fundamental
fund_profitability_ratio_fd_profitability_raw_03__fd_profitability_raw_04,5min,Fundamental Packages,fund_profitability,fund_profitability,基本面盈利能力包·盈利能力原始指标03/盈利能力原始指标04比值,衡量 盈利能力原始指标03 相对 盈利能力原始指标04 的比例关系，体现结构性偏离。,fund_profitability_ratio_fd_profitability_raw_03__fd_profitability_raw_04 = 列(盈利能力原始指标03) / (|列(盈利能力原始指标04)| + EPS),fund_profitability ratio fd_profitability_raw_03/fd_profitability_raw_04,True,fundamental
fund_profitability_ratio_fd_profitability_raw_03__fd_profitability_raw_05,5min,Fundamental Packages,fund_profitability,fund_profitability,基本面盈利能力包·盈利能力原始指标03/盈利能力原始指标05比值,衡量 盈利能力原始指标03 相对 盈利能力原始指标05 的比例关系，体现结构性偏离。,fund_profitability_ratio_fd_profitability_raw_03__fd_profitability_raw_05 = 列(盈利能力原始指标03) / (|列(盈利能力原始指标05)| + EPS),fund_profitability ratio fd_profitability_raw_03/fd_profitability_raw_05,True,fundamental
fund_profitability_ratio_fd_profitability_raw_03__fd_profitability_score,5min,Fundamental Packages,fund_profitability,fund_profitability,基本面盈利能力包·盈利能力原始指标03/盈利能力综合评分比值,衡量 盈利能力原始指标03 相对 盈利能力综合评分 的比例关系，体现结构性偏离。,fund_profitability_ratio_fd_profitability_raw_03__fd_profitability_score = 列(盈利能力原始指标03) / (|列(盈利能力综合评分)| + EPS),fund_profitability ratio fd_profitability_raw_03/fd_profitability_score,True,fundamental
fund_profitability_ratio_fd_profitability_raw_03__fd_profitability_trend,5min,Fundamental Packages,fund_profitability,fund_profitability,基本面盈利能力包·盈利能力原始指标03/盈利能力趋势变化比值,衡量 盈利能力原始指标03 相对 盈利能力趋势变化 的比例关系，体现结构性偏离。,fund_profitability_ratio_fd_profitability_raw_03__fd_profitability_trend = 列(盈利能力原始指标03) / (|列(盈利能力趋势变化)| + EPS),fund_profitability ratio fd_profitability_raw_03/fd_profitability_trend,True,fundamental
fund_profitability_ratio_fd_profitability_raw_04__fd_profitability_disp,5min,Fundamental Packages,fund_profitability,fund_profitability,基本面盈利能力包·盈利能力原始指标04/盈利能力离散度比值,衡量 盈利能力原始指标04 相对 盈利能力离散度 的比例关系，体现结构性偏离。,fund_profitability_ratio_fd_profitability_raw_04__fd_profitability_disp = 列(盈利能力原始指标04) / (|列(盈利能力离散度)| + EPS),fund_profitability ratio fd_profitability_raw_04/fd_profitability_disp,True,fundamental
fund_profitability_ratio_fd_profitability_raw_04__fd_profitability_raw_05,5min,Fundamental Packages,fund_profitability,fund_profitability,基本面盈利能力包·盈利能力原始指标04/盈利能力原始指标05比值,衡量 盈利能力原始指标04 相对 盈利能力原始指标05 的比例关系，体现结构性偏离。,fund_profitability_ratio_fd_profitability_raw_04__fd_profitability_raw_05 = 列(盈利能力原始指标04) / (|列(盈利能力原始指标05)| + EPS),fund_profitability ratio fd_profitability_raw_04/fd_profitability_raw_05,True,fundamental
fund_profitability_ratio_fd_profitability_raw_04__fd_profitability_score,5min,Fundamental Packages,fund_profitability,fund_profitability,基本面盈利能力包·盈利能力原始指标04/盈利能力综合评分比值,衡量 盈利能力原始指标04 相对 盈利能力综合评分 的比例关系，体现结构性偏离。,fund_profitability_ratio_fd_profitability_raw_04__fd_profitability_score = 列(盈利能力原始指标04) / (|列(盈利能力综合评分)| + EPS),fund_profitability ratio fd_profitability_raw_04/fd_profitability_score,True,fundamental
fund_profitability_ratio_fd_profitability_raw_04__fd_profitability_trend,5min,Fundamental Packages,fund_profitability,fund_profitability,基本面盈利能力包·盈利能力原始指标04/盈利能力趋势变化比值,衡量 盈利能力原始指标04 相对 盈利能力趋势变化 的比例关系，体现结构性偏离。,fund_profitability_ratio_fd_profitability_raw_04__fd_profitability_trend = 列(盈利能力原始指标04) / (|列(盈利能力趋势变化)| + EPS),fund_profitability ratio fd_profitability_raw_04/fd_profitability_trend,True,fundamental
fund_profitability_ratio_fd_profitability_raw_05__fd_profitability_disp,5min,Fundamental Packages,fund_profitability,fund_profitability,基本面盈利能力包·盈利能力原始指标05/盈利能力离散度比值,衡量 盈利能力原始指标05 相对 盈利能力离散度 的比例关系，体现结构性偏离。,fund_profitability_ratio_fd_profitability_raw_05__fd_profitability_disp = 列(盈利能力原始指标05) / (|列(盈利能力离散度)| + EPS),fund_profitability ratio fd_profitability_raw_05/fd_profitability_disp,True,fundamental
fund_profitability_ratio_fd_profitability_raw_05__fd_profitability_score,5min,Fundamental Packages,fund_profitability,fund_profitability,基本面盈利能力包·盈利能力原始指标05/盈利能力综合评分比值,衡量 盈利能力原始指标05 相对 盈利能力综合评分 的比例关系，体现结构性偏离。,fund_profitability_ratio_fd_profitability_raw_05__fd_profitability_score = 列(盈利能力原始指标05) / (|列(盈利能力综合评分)| + EPS),fund_profitability ratio fd_profitability_raw_05/fd_profitability_score,True,fundamental
fund_profitability_ratio_fd_profitability_raw_05__fd_profitability_trend,5min,Fundamental Packages,fund_profitability,fund_profitability,基本面盈利能力包·盈利能力原始指标05/盈利能力趋势变化比值,衡量 盈利能力原始指标05 相对 盈利能力趋势变化 的比例关系，体现结构性偏离。,fund_profitability_ratio_fd_profitability_raw_05__fd_profitability_trend = 列(盈利能力原始指标05) / (|列(盈利能力趋势变化)| + EPS),fund_profitability ratio fd_profitability_raw_05/fd_profitability_trend,True,fundamental
fund_profitability_ratio_fd_profitability_score__fd_profitability_disp,5min,Fundamental Packages,fund_profitability,fund_profitability,基本面盈利能力包·盈利能力综合评分/盈利能力离散度比值,衡量 盈利能力综合评分 相对 盈利能力离散度 的比例关系，体现结构性偏离。,fund_profitability_ratio_fd_profitability_score__fd_profitability_disp = 列(盈利能力综合评分) / (|列(盈利能力离散度)| + EPS),fund_profitability ratio fd_profitability_score/fd_profitability_disp,True,fundamental
fund_profitability_ratio_fd_profitability_score__fd_profitability_trend,5min,Fundamental Packages,fund_profitability,fund_profitability,基本面盈利能力包·盈利能力综合评分/盈利能力趋势变化比值,衡量 盈利能力综合评分 相对 盈利能力趋势变化 的比例关系，体现结构性偏离。,fund_profitability_ratio_fd_profitability_score__fd_profitability_trend = 列(盈利能力综合评分) / (|列(盈利能力趋势变化)| + EPS),fund_profitability ratio fd_profitability_score/fd_profitability_trend,True,fundamental
fund_profitability_ratio_fd_profitability_trend__fd_profitability_disp,5min,Fundamental Packages,fund_profitability,fund_profitability,基本面盈利能力包·盈利能力趋势变化/盈利能力离散度比值,衡量 盈利能力趋势变化 相对 盈利能力离散度 的比例关系，体现结构性偏离。,fund_profitability_ratio_fd_profitability_trend__fd_profitability_disp = 列(盈利能力趋势变化) / (|列(盈利能力离散度)| + EPS),fund_profitability ratio fd_profitability_trend/fd_profitability_disp,True,fundamental
fund_profitability_rel_fd_hf_profitability_flow_to_fd_profitability_raw_01,5min,Fundamental Packages,fund_profitability,fund_profitability,基本面盈利能力包·盈利能力高频资金流相对盈利能力原始指标01,衡量 盈利能力高频资金流 相对锚点 盈利能力原始指标01 的偏离程度，反映相对强弱。,fund_profitability_rel_fd_hf_profitability_flow_to_fd_profitability_raw_01 = (列(盈利能力高频资金流) - 列(盈利能力原始指标01)) / (|列(盈利能力原始指标01)| + EPS),fund_profitability rel fd_hf_profitability_flow to fd_profitability_raw_01,True,fundamental
fund_profitability_rel_fd_hf_profitability_flow_to_fd_profitability_raw_02,5min,Fundamental Packages,fund_profitability,fund_profitability,基本面盈利能力包·盈利能力高频资金流相对盈利能力原始指标02,衡量 盈利能力高频资金流 相对锚点 盈利能力原始指标02 的偏离程度，反映相对强弱。,fund_profitability_rel_fd_hf_profitability_flow_to_fd_profitability_raw_02 = (列(盈利能力高频资金流) - 列(盈利能力原始指标02)) / (|列(盈利能力原始指标02)| + EPS),fund_profitability rel fd_hf_profitability_flow to fd_profitability_raw_02,True,fundamental
fund_profitability_rel_fd_hf_profitability_flow_to_fd_profitability_raw_03,5min,Fundamental Packages,fund_profitability,fund_profitability,基本面盈利能力包·盈利能力高频资金流相对盈利能力原始指标03,衡量 盈利能力高频资金流 相对锚点 盈利能力原始指标03 的偏离程度，反映相对强弱。,fund_profitability_rel_fd_hf_profitability_flow_to_fd_profitability_raw_03 = (列(盈利能力高频资金流) - 列(盈利能力原始指标03)) / (|列(盈利能力原始指标03)| + EPS),fund_profitability rel fd_hf_profitability_flow to fd_profitability_raw_03,True,fundamental
fund_profitability_rel_fd_hf_profitability_intraday_to_fd_profitability_raw_01,5min,Fundamental Packages,fund_profitability,fund_profitability,基本面盈利能力包·盈利能力高频日内相对盈利能力原始指标01,衡量 盈利能力高频日内 相对锚点 盈利能力原始指标01 的偏离程度，反映相对强弱。,fund_profitability_rel_fd_hf_profitability_intraday_to_fd_profitability_raw_01 = (列(盈利能力高频日内) - 列(盈利能力原始指标01)) / (|列(盈利能力原始指标01)| + EPS),fund_profitability rel fd_hf_profitability_intraday to fd_profitability_raw_01,True,fundamental
fund_profitability_rel_fd_hf_profitability_intraday_to_fd_profitability_raw_02,5min,Fundamental Packages,fund_profitability,fund_profitability,基本面盈利能力包·盈利能力高频日内相对盈利能力原始指标02,衡量 盈利能力高频日内 相对锚点 盈利能力原始指标02 的偏离程度，反映相对强弱。,fund_profitability_rel_fd_hf_profitability_intraday_to_fd_profitability_raw_02 = (列(盈利能力高频日内) - 列(盈利能力原始指标02)) / (|列(盈利能力原始指标02)| + EPS),fund_profitability rel fd_hf_profitability_intraday to fd_profitability_raw_02,True,fundamental
fund_profitability_rel_fd_hf_profitability_intraday_to_fd_profitability_raw_03,5min,Fundamental Packages,fund_profitability,fund_profitability,基本面盈利能力包·盈利能力高频日内相对盈利能力原始指标03,衡量 盈利能力高频日内 相对锚点 盈利能力原始指标03 的偏离程度，反映相对强弱。,fund_profitability_rel_fd_hf_profitability_intraday_to_fd_profitability_raw_03 = (列(盈利能力高频日内) - 列(盈利能力原始指标03)) / (|列(盈利能力原始指标03)| + EPS),fund_profitability rel fd_hf_profitability_intraday to fd_profitability_raw_03,True,fundamental
fund_profitability_rel_fd_hf_profitability_jump_to_fd_profitability_raw_01,5min,Fundamental Packages,fund_profitability,fund_profitability,基本面盈利能力包·盈利能力高频跳跃相对盈利能力原始指标01,衡量 盈利能力高频跳跃 相对锚点 盈利能力原始指标01 的偏离程度，反映相对强弱。,fund_profitability_rel_fd_hf_profitability_jump_to_fd_profitability_raw_01 = (列(盈利能力高频跳跃) - 列(盈利能力原始指标01)) / (|列(盈利能力原始指标01)| + EPS),fund_profitability rel fd_hf_profitability_jump to fd_profitability_raw_01,True,fundamental
fund_profitability_rel_fd_hf_profitability_jump_to_fd_profitability_raw_02,5min,Fundamental Packages,fund_profitability,fund_profitability,基本面盈利能力包·盈利能力高频跳跃相对盈利能力原始指标02,衡量 盈利能力高频跳跃 相对锚点 盈利能力原始指标02 的偏离程度，反映相对强弱。,fund_profitability_rel_fd_hf_profitability_jump_to_fd_profitability_raw_02 = (列(盈利能力高频跳跃) - 列(盈利能力原始指标02)) / (|列(盈利能力原始指标02)| + EPS),fund_profitability rel fd_hf_profitability_jump to fd_profitability_raw_02,True,fundamental
fund_profitability_rel_fd_hf_profitability_jump_to_fd_profitability_raw_03,5min,Fundamental Packages,fund_profitability,fund_profitability,基本面盈利能力包·盈利能力高频跳跃相对盈利能力原始指标03,衡量 盈利能力高频跳跃 相对锚点 盈利能力原始指标03 的偏离程度，反映相对强弱。,fund_profitability_rel_fd_hf_profitability_jump_to_fd_profitability_raw_03 = (列(盈利能力高频跳跃) - 列(盈利能力原始指标03)) / (|列(盈利能力原始指标03)| + EPS),fund_profitability rel fd_hf_profitability_jump to fd_profitability_raw_03,True,fundamental
fund_profitability_rel_fd_hf_profitability_sentiment_to_fd_profitability_raw_01,5min,Fundamental Packages,fund_profitability,fund_profitability,基本面盈利能力包·盈利能力高频情绪相对盈利能力原始指标01,衡量 盈利能力高频情绪 相对锚点 盈利能力原始指标01 的偏离程度，反映相对强弱。,fund_profitability_rel_fd_hf_profitability_sentiment_to_fd_profitability_raw_01 = (列(盈利能力高频情绪) - 列(盈利能力原始指标01)) / (|列(盈利能力原始指标01)| + EPS),fund_profitability rel fd_hf_profitability_sentiment to fd_profitability_raw_01,True,fundamental
fund_profitability_rel_fd_hf_profitability_sentiment_to_fd_profitability_raw_02,5min,Fundamental Packages,fund_profitability,fund_profitability,基本面盈利能力包·盈利能力高频情绪相对盈利能力原始指标02,衡量 盈利能力高频情绪 相对锚点 盈利能力原始指标02 的偏离程度，反映相对强弱。,fund_profitability_rel_fd_hf_profitability_sentiment_to_fd_profitability_raw_02 = (列(盈利能力高频情绪) - 列(盈利能力原始指标02)) / (|列(盈利能力原始指标02)| + EPS),fund_profitability rel fd_hf_profitability_sentiment to fd_profitability_raw_02,True,fundamental
fund_profitability_rel_fd_hf_profitability_sentiment_to_fd_profitability_raw_03,5min,Fundamental Packages,fund_profitability,fund_profitability,基本面盈利能力包·盈利能力高频情绪相对盈利能力原始指标03,衡量 盈利能力高频情绪 相对锚点 盈利能力原始指标03 的偏离程度，反映相对强弱。,fund_profitability_rel_fd_hf_profitability_sentiment_to_fd_profitability_raw_03 = (列(盈利能力高频情绪) - 列(盈利能力原始指标03)) / (|列(盈利能力原始指标03)| + EPS),fund_profitability rel fd_hf_profitability_sentiment to fd_profitability_raw_03,True,fundamental
fund_profitability_rel_fd_hf_profitability_vwap_to_fd_profitability_raw_01,5min,Fundamental Packages,fund_profitability,fund_profitability,基本面盈利能力包·盈利能力高频VWAP相对盈利能力原始指标01,衡量 盈利能力高频VWAP 相对锚点 盈利能力原始指标01 的偏离程度，反映相对强弱。,fund_profitability_rel_fd_hf_profitability_vwap_to_fd_profitability_raw_01 = (列(盈利能力高频VWAP) - 列(盈利能力原始指标01)) / (|列(盈利能力原始指标01)| + EPS),fund_profitability rel fd_hf_profitability_vwap to fd_profitability_raw_01,True,fundamental
fund_profitability_rel_fd_hf_profitability_vwap_to_fd_profitability_raw_02,5min,Fundamental Packages,fund_profitability,fund_profitability,基本面盈利能力包·盈利能力高频VWAP相对盈利能力原始指标02,衡量 盈利能力高频VWAP 相对锚点 盈利能力原始指标02 的偏离程度，反映相对强弱。,fund_profitability_rel_fd_hf_profitability_vwap_to_fd_profitability_raw_02 = (列(盈利能力高频VWAP) - 列(盈利能力原始指标02)) / (|列(盈利能力原始指标02)| + EPS),fund_profitability rel fd_hf_profitability_vwap to fd_profitability_raw_02,True,fundamental
fund_profitability_rel_fd_hf_profitability_vwap_to_fd_profitability_raw_03,5min,Fundamental Packages,fund_profitability,fund_profitability,基本面盈利能力包·盈利能力高频VWAP相对盈利能力原始指标03,衡量 盈利能力高频VWAP 相对锚点 盈利能力原始指标03 的偏离程度，反映相对强弱。,fund_profitability_rel_fd_hf_profitability_vwap_to_fd_profitability_raw_03 = (列(盈利能力高频VWAP) - 列(盈利能力原始指标03)) / (|列(盈利能力原始指标03)| + EPS),fund_profitability rel fd_hf_profitability_vwap to fd_profitability_raw_03,True,fundamental
fund_profitability_rel_fd_profitability_disp_to_fd_profitability_raw_01,5min,Fundamental Packages,fund_profitability,fund_profitability,基本面盈利能力包·盈利能力离散度相对盈利能力原始指标01,衡量 盈利能力离散度 相对锚点 盈利能力原始指标01 的偏离程度，反映相对强弱。,fund_profitability_rel_fd_profitability_disp_to_fd_profitability_raw_01 = (列(盈利能力离散度) - 列(盈利能力原始指标01)) / (|列(盈利能力原始指标01)| + EPS),fund_profitability rel fd_profitability_disp to fd_profitability_raw_01,True,fundamental
fund_profitability_rel_fd_profitability_disp_to_fd_profitability_raw_02,5min,Fundamental Packages,fund_profitability,fund_profitability,基本面盈利能力包·盈利能力离散度相对盈利能力原始指标02,衡量 盈利能力离散度 相对锚点 盈利能力原始指标02 的偏离程度，反映相对强弱。,fund_profitability_rel_fd_profitability_disp_to_fd_profitability_raw_02 = (列(盈利能力离散度) - 列(盈利能力原始指标02)) / (|列(盈利能力原始指标02)| + EPS),fund_profitability rel fd_profitability_disp to fd_profitability_raw_02,True,fundamental
fund_profitability_rel_fd_profitability_disp_to_fd_profitability_raw_03,5min,Fundamental Packages,fund_profitability,fund_profitability,基本面盈利能力包·盈利能力离散度相对盈利能力原始指标03,衡量 盈利能力离散度 相对锚点 盈利能力原始指标03 的偏离程度，反映相对强弱。,fund_profitability_rel_fd_profitability_disp_to_fd_profitability_raw_03 = (列(盈利能力离散度) - 列(盈利能力原始指标03)) / (|列(盈利能力原始指标03)| + EPS),fund_profitability rel fd_profitability_disp to fd_profitability_raw_03,True,fundamental
fund_profitability_rel_fd_profitability_raw_01_to_fd_profitability_raw_02,5min,Fundamental Packages,fund_profitability,fund_profitability,基本面盈利能力包·盈利能力原始指标01相对盈利能力原始指标02,衡量 盈利能力原始指标01 相对锚点 盈利能力原始指标02 的偏离程度，反映相对强弱。,fund_profitability_rel_fd_profitability_raw_01_to_fd_profitability_raw_02 = (列(盈利能力原始指标01) - 列(盈利能力原始指标02)) / (|列(盈利能力原始指标02)| + EPS),fund_profitability rel fd_profitability_raw_01 to fd_profitability_raw_02,True,fundamental
fund_profitability_rel_fd_profitability_raw_01_to_fd_profitability_raw_03,5min,Fundamental Packages,fund_profitability,fund_profitability,基本面盈利能力包·盈利能力原始指标01相对盈利能力原始指标03,衡量 盈利能力原始指标01 相对锚点 盈利能力原始指标03 的偏离程度，反映相对强弱。,fund_profitability_rel_fd_profitability_raw_01_to_fd_profitability_raw_03 = (列(盈利能力原始指标01) - 列(盈利能力原始指标03)) / (|列(盈利能力原始指标03)| + EPS),fund_profitability rel fd_profitability_raw_01 to fd_profitability_raw_03,True,fundamental
fund_profitability_rel_fd_profitability_raw_02_to_fd_profitability_raw_01,5min,Fundamental Packages,fund_profitability,fund_profitability,基本面盈利能力包·盈利能力原始指标02相对盈利能力原始指标01,衡量 盈利能力原始指标02 相对锚点 盈利能力原始指标01 的偏离程度，反映相对强弱。,fund_profitability_rel_fd_profitability_raw_02_to_fd_profitability_raw_01 = (列(盈利能力原始指标02) - 列(盈利能力原始指标01)) / (|列(盈利能力原始指标01)| + EPS),fund_profitability rel fd_profitability_raw_02 to fd_profitability_raw_01,True,fundamental
fund_profitability_rel_fd_profitability_raw_02_to_fd_profitability_raw_03,5min,Fundamental Packages,fund_profitability,fund_profitability,基本面盈利能力包·盈利能力原始指标02相对盈利能力原始指标03,衡量 盈利能力原始指标02 相对锚点 盈利能力原始指标03 的偏离程度，反映相对强弱。,fund_profitability_rel_fd_profitability_raw_02_to_fd_profitability_raw_03 = (列(盈利能力原始指标02) - 列(盈利能力原始指标03)) / (|列(盈利能力原始指标03)| + EPS),fund_profitability rel fd_profitability_raw_02 to fd_profitability_raw_03,True,fundamental
fund_profitability_rel_fd_profitability_raw_03_to_fd_profitability_raw_01,5min,Fundamental Packages,fund_profitability,fund_profitability,基本面盈利能力包·盈利能力原始指标03相对盈利能力原始指标01,衡量 盈利能力原始指标03 相对锚点 盈利能力原始指标01 的偏离程度，反映相对强弱。,fund_profitability_rel_fd_profitability_raw_03_to_fd_profitability_raw_01 = (列(盈利能力原始指标03) - 列(盈利能力原始指标01)) / (|列(盈利能力原始指标01)| + EPS),fund_profitability rel fd_profitability_raw_03 to fd_profitability_raw_01,True,fundamental
fund_profitability_rel_fd_profitability_raw_03_to_fd_profitability_raw_02,5min,Fundamental Packages,fund_profitability,fund_profitability,基本面盈利能力包·盈利能力原始指标03相对盈利能力原始指标02,衡量 盈利能力原始指标03 相对锚点 盈利能力原始指标02 的偏离程度，反映相对强弱。,fund_profitability_rel_fd_profitability_raw_03_to_fd_profitability_raw_02 = (列(盈利能力原始指标03) - 列(盈利能力原始指标02)) / (|列(盈利能力原始指标02)| + EPS),fund_profitability rel fd_profitability_raw_03 to fd_profitability_raw_02,True,fundamental
fund_profitability_rel_fd_profitability_raw_04_to_fd_profitability_raw_01,5min,Fundamental Packages,fund_profitability,fund_profitability,基本面盈利能力包·盈利能力原始指标04相对盈利能力原始指标01,衡量 盈利能力原始指标04 相对锚点 盈利能力原始指标01 的偏离程度，反映相对强弱。,fund_profitability_rel_fd_profitability_raw_04_to_fd_profitability_raw_01 = (列(盈利能力原始指标04) - 列(盈利能力原始指标01)) / (|列(盈利能力原始指标01)| + EPS),fund_profitability rel fd_profitability_raw_04 to fd_profitability_raw_01,True,fundamental
fund_profitability_rel_fd_profitability_raw_04_to_fd_profitability_raw_02,5min,Fundamental Packages,fund_profitability,fund_profitability,基本面盈利能力包·盈利能力原始指标04相对盈利能力原始指标02,衡量 盈利能力原始指标04 相对锚点 盈利能力原始指标02 的偏离程度，反映相对强弱。,fund_profitability_rel_fd_profitability_raw_04_to_fd_profitability_raw_02 = (列(盈利能力原始指标04) - 列(盈利能力原始指标02)) / (|列(盈利能力原始指标02)| + EPS),fund_profitability rel fd_profitability_raw_04 to fd_profitability_raw_02,True,fundamental
fund_profitability_rel_fd_profitability_raw_04_to_fd_profitability_raw_03,5min,Fundamental Packages,fund_profitability,fund_profitability,基本面盈利能力包·盈利能力原始指标04相对盈利能力原始指标03,衡量 盈利能力原始指标04 相对锚点 盈利能力原始指标03 的偏离程度，反映相对强弱。,fund_profitability_rel_fd_profitability_raw_04_to_fd_profitability_raw_03 = (列(盈利能力原始指标04) - 列(盈利能力原始指标03)) / (|列(盈利能力原始指标03)| + EPS),fund_profitability rel fd_profitability_raw_04 to fd_profitability_raw_03,True,fundamental
fund_profitability_rel_fd_profitability_raw_05_to_fd_profitability_raw_01,5min,Fundamental Packages,fund_profitability,fund_profitability,基本面盈利能力包·盈利能力原始指标05相对盈利能力原始指标01,衡量 盈利能力原始指标05 相对锚点 盈利能力原始指标01 的偏离程度，反映相对强弱。,fund_profitability_rel_fd_profitability_raw_05_to_fd_profitability_raw_01 = (列(盈利能力原始指标05) - 列(盈利能力原始指标01)) / (|列(盈利能力原始指标01)| + EPS),fund_profitability rel fd_profitability_raw_05 to fd_profitability_raw_01,True,fundamental
fund_profitability_rel_fd_profitability_raw_05_to_fd_profitability_raw_02,5min,Fundamental Packages,fund_profitability,fund_profitability,基本面盈利能力包·盈利能力原始指标05相对盈利能力原始指标02,衡量 盈利能力原始指标05 相对锚点 盈利能力原始指标02 的偏离程度，反映相对强弱。,fund_profitability_rel_fd_profitability_raw_05_to_fd_profitability_raw_02 = (列(盈利能力原始指标05) - 列(盈利能力原始指标02)) / (|列(盈利能力原始指标02)| + EPS),fund_profitability rel fd_profitability_raw_05 to fd_profitability_raw_02,True,fundamental
fund_profitability_rel_fd_profitability_raw_05_to_fd_profitability_raw_03,5min,Fundamental Packages,fund_profitability,fund_profitability,基本面盈利能力包·盈利能力原始指标05相对盈利能力原始指标03,衡量 盈利能力原始指标05 相对锚点 盈利能力原始指标03 的偏离程度，反映相对强弱。,fund_profitability_rel_fd_profitability_raw_05_to_fd_profitability_raw_03 = (列(盈利能力原始指标05) - 列(盈利能力原始指标03)) / (|列(盈利能力原始指标03)| + EPS),fund_profitability rel fd_profitability_raw_05 to fd_profitability_raw_03,True,fundamental
fund_profitability_rel_fd_profitability_score_to_fd_profitability_raw_01,5min,Fundamental Packages,fund_profitability,fund_profitability,基本面盈利能力包·盈利能力综合评分相对盈利能力原始指标01,衡量 盈利能力综合评分 相对锚点 盈利能力原始指标01 的偏离程度，反映相对强弱。,fund_profitability_rel_fd_profitability_score_to_fd_profitability_raw_01 = (列(盈利能力综合评分) - 列(盈利能力原始指标01)) / (|列(盈利能力原始指标01)| + EPS),fund_profitability rel fd_profitability_score to fd_profitability_raw_01,True,fundamental
fund_profitability_rel_fd_profitability_score_to_fd_profitability_raw_02,5min,Fundamental Packages,fund_profitability,fund_profitability,基本面盈利能力包·盈利能力综合评分相对盈利能力原始指标02,衡量 盈利能力综合评分 相对锚点 盈利能力原始指标02 的偏离程度，反映相对强弱。,fund_profitability_rel_fd_profitability_score_to_fd_profitability_raw_02 = (列(盈利能力综合评分) - 列(盈利能力原始指标02)) / (|列(盈利能力原始指标02)| + EPS),fund_profitability rel fd_profitability_score to fd_profitability_raw_02,True,fundamental
fund_profitability_rel_fd_profitability_score_to_fd_profitability_raw_03,5min,Fundamental Packages,fund_profitability,fund_profitability,基本面盈利能力包·盈利能力综合评分相对盈利能力原始指标03,衡量 盈利能力综合评分 相对锚点 盈利能力原始指标03 的偏离程度，反映相对强弱。,fund_profitability_rel_fd_profitability_score_to_fd_profitability_raw_03 = (列(盈利能力综合评分) - 列(盈利能力原始指标03)) / (|列(盈利能力原始指标03)| + EPS),fund_profitability rel fd_profitability_score to fd_profitability_raw_03,True,fundamental
fund_profitability_rel_fd_profitability_trend_to_fd_profitability_raw_01,5min,Fundamental Packages,fund_profitability,fund_profitability,基本面盈利能力包·盈利能力趋势变化相对盈利能力原始指标01,衡量 盈利能力趋势变化 相对锚点 盈利能力原始指标01 的偏离程度，反映相对强弱。,fund_profitability_rel_fd_profitability_trend_to_fd_profitability_raw_01 = (列(盈利能力趋势变化) - 列(盈利能力原始指标01)) / (|列(盈利能力原始指标01)| + EPS),fund_profitability rel fd_profitability_trend to fd_profitability_raw_01,True,fundamental
fund_profitability_rel_fd_profitability_trend_to_fd_profitability_raw_02,5min,Fundamental Packages,fund_profitability,fund_profitability,基本面盈利能力包·盈利能力趋势变化相对盈利能力原始指标02,衡量 盈利能力趋势变化 相对锚点 盈利能力原始指标02 的偏离程度，反映相对强弱。,fund_profitability_rel_fd_profitability_trend_to_fd_profitability_raw_02 = (列(盈利能力趋势变化) - 列(盈利能力原始指标02)) / (|列(盈利能力原始指标02)| + EPS),fund_profitability rel fd_profitability_trend to fd_profitability_raw_02,True,fundamental
fund_profitability_rel_fd_profitability_trend_to_fd_profitability_raw_03,5min,Fundamental Packages,fund_profitability,fund_profitability,基本面盈利能力包·盈利能力趋势变化相对盈利能力原始指标03,衡量 盈利能力趋势变化 相对锚点 盈利能力原始指标03 的偏离程度，反映相对强弱。,fund_profitability_rel_fd_profitability_trend_to_fd_profitability_raw_03 = (列(盈利能力趋势变化) - 列(盈利能力原始指标03)) / (|列(盈利能力原始指标03)| + EPS),fund_profitability rel fd_profitability_trend to fd_profitability_raw_03,True,fundamental
fund_profitability_sym_fd_profitability_raw_01__fd_profitability_disp,5min,Fundamental Packages,fund_profitability,fund_profitability,基本面盈利能力包·盈利能力原始指标01-盈利能力离散度对称价差,构造 盈利能力原始指标01 与 盈利能力离散度 的对称归一化价差，减少量纲影响。,fund_profitability_sym_fd_profitability_raw_01__fd_profitability_disp = (列(盈利能力原始指标01) - 列(盈利能力离散度)) / (|列(盈利能力原始指标01)| + |列(盈利能力离散度)| + EPS),"fund_profitability symmetric spread fd_profitability_raw_01,fd_profitability_disp",True,fundamental
fund_profitability_sym_fd_profitability_raw_01__fd_profitability_raw_02,5min,Fundamental Packages,fund_profitability,fund_profitability,基本面盈利能力包·盈利能力原始指标01-盈利能力原始指标02对称价差,构造 盈利能力原始指标01 与 盈利能力原始指标02 的对称归一化价差，减少量纲影响。,fund_profitability_sym_fd_profitability_raw_01__fd_profitability_raw_02 = (列(盈利能力原始指标01) - 列(盈利能力原始指标02)) / (|列(盈利能力原始指标01)| + |列(盈利能力原始指标02)| + EPS),"fund_profitability symmetric spread fd_profitability_raw_01,fd_profitability_raw_02",True,fundamental
fund_profitability_sym_fd_profitability_raw_01__fd_profitability_raw_03,5min,Fundamental Packages,fund_profitability,fund_profitability,基本面盈利能力包·盈利能力原始指标01-盈利能力原始指标03对称价差,构造 盈利能力原始指标01 与 盈利能力原始指标03 的对称归一化价差，减少量纲影响。,fund_profitability_sym_fd_profitability_raw_01__fd_profitability_raw_03 = (列(盈利能力原始指标01) - 列(盈利能力原始指标03)) / (|列(盈利能力原始指标01)| + |列(盈利能力原始指标03)| + EPS),"fund_profitability symmetric spread fd_profitability_raw_01,fd_profitability_raw_03",True,fundamental
fund_profitability_sym_fd_profitability_raw_01__fd_profitability_raw_04,5min,Fundamental Packages,fund_profitability,fund_profitability,基本面盈利能力包·盈利能力原始指标01-盈利能力原始指标04对称价差,构造 盈利能力原始指标01 与 盈利能力原始指标04 的对称归一化价差，减少量纲影响。,fund_profitability_sym_fd_profitability_raw_01__fd_profitability_raw_04 = (列(盈利能力原始指标01) - 列(盈利能力原始指标04)) / (|列(盈利能力原始指标01)| + |列(盈利能力原始指标04)| + EPS),"fund_profitability symmetric spread fd_profitability_raw_01,fd_profitability_raw_04",True,fundamental
fund_profitability_sym_fd_profitability_raw_01__fd_profitability_raw_05,5min,Fundamental Packages,fund_profitability,fund_profitability,基本面盈利能力包·盈利能力原始指标01-盈利能力原始指标05对称价差,构造 盈利能力原始指标01 与 盈利能力原始指标05 的对称归一化价差，减少量纲影响。,fund_profitability_sym_fd_profitability_raw_01__fd_profitability_raw_05 = (列(盈利能力原始指标01) - 列(盈利能力原始指标05)) / (|列(盈利能力原始指标01)| + |列(盈利能力原始指标05)| + EPS),"fund_profitability symmetric spread fd_profitability_raw_01,fd_profitability_raw_05",True,fundamental
fund_profitability_sym_fd_profitability_raw_01__fd_profitability_score,5min,Fundamental Packages,fund_profitability,fund_profitability,基本面盈利能力包·盈利能力原始指标01-盈利能力综合评分对称价差,构造 盈利能力原始指标01 与 盈利能力综合评分 的对称归一化价差，减少量纲影响。,fund_profitability_sym_fd_profitability_raw_01__fd_profitability_score = (列(盈利能力原始指标01) - 列(盈利能力综合评分)) / (|列(盈利能力原始指标01)| + |列(盈利能力综合评分)| + EPS),"fund_profitability symmetric spread fd_profitability_raw_01,fd_profitability_score",True,fundamental
fund_profitability_sym_fd_profitability_raw_01__fd_profitability_trend,5min,Fundamental Packages,fund_profitability,fund_profitability,基本面盈利能力包·盈利能力原始指标01-盈利能力趋势变化对称价差,构造 盈利能力原始指标01 与 盈利能力趋势变化 的对称归一化价差，减少量纲影响。,fund_profitability_sym_fd_profitability_raw_01__fd_profitability_trend = (列(盈利能力原始指标01) - 列(盈利能力趋势变化)) / (|列(盈利能力原始指标01)| + |列(盈利能力趋势变化)| + EPS),"fund_profitability symmetric spread fd_profitability_raw_01,fd_profitability_trend",True,fundamental
fund_profitability_sym_fd_profitability_raw_02__fd_profitability_disp,5min,Fundamental Packages,fund_profitability,fund_profitability,基本面盈利能力包·盈利能力原始指标02-盈利能力离散度对称价差,构造 盈利能力原始指标02 与 盈利能力离散度 的对称归一化价差，减少量纲影响。,fund_profitability_sym_fd_profitability_raw_02__fd_profitability_disp = (列(盈利能力原始指标02) - 列(盈利能力离散度)) / (|列(盈利能力原始指标02)| + |列(盈利能力离散度)| + EPS),"fund_profitability symmetric spread fd_profitability_raw_02,fd_profitability_disp",True,fundamental
fund_profitability_sym_fd_profitability_raw_02__fd_profitability_raw_03,5min,Fundamental Packages,fund_profitability,fund_profitability,基本面盈利能力包·盈利能力原始指标02-盈利能力原始指标03对称价差,构造 盈利能力原始指标02 与 盈利能力原始指标03 的对称归一化价差，减少量纲影响。,fund_profitability_sym_fd_profitability_raw_02__fd_profitability_raw_03 = (列(盈利能力原始指标02) - 列(盈利能力原始指标03)) / (|列(盈利能力原始指标02)| + |列(盈利能力原始指标03)| + EPS),"fund_profitability symmetric spread fd_profitability_raw_02,fd_profitability_raw_03",True,fundamental
fund_profitability_sym_fd_profitability_raw_02__fd_profitability_raw_04,5min,Fundamental Packages,fund_profitability,fund_profitability,基本面盈利能力包·盈利能力原始指标02-盈利能力原始指标04对称价差,构造 盈利能力原始指标02 与 盈利能力原始指标04 的对称归一化价差，减少量纲影响。,fund_profitability_sym_fd_profitability_raw_02__fd_profitability_raw_04 = (列(盈利能力原始指标02) - 列(盈利能力原始指标04)) / (|列(盈利能力原始指标02)| + |列(盈利能力原始指标04)| + EPS),"fund_profitability symmetric spread fd_profitability_raw_02,fd_profitability_raw_04",True,fundamental
fund_profitability_sym_fd_profitability_raw_02__fd_profitability_raw_05,5min,Fundamental Packages,fund_profitability,fund_profitability,基本面盈利能力包·盈利能力原始指标02-盈利能力原始指标05对称价差,构造 盈利能力原始指标02 与 盈利能力原始指标05 的对称归一化价差，减少量纲影响。,fund_profitability_sym_fd_profitability_raw_02__fd_profitability_raw_05 = (列(盈利能力原始指标02) - 列(盈利能力原始指标05)) / (|列(盈利能力原始指标02)| + |列(盈利能力原始指标05)| + EPS),"fund_profitability symmetric spread fd_profitability_raw_02,fd_profitability_raw_05",True,fundamental
fund_profitability_sym_fd_profitability_raw_02__fd_profitability_score,5min,Fundamental Packages,fund_profitability,fund_profitability,基本面盈利能力包·盈利能力原始指标02-盈利能力综合评分对称价差,构造 盈利能力原始指标02 与 盈利能力综合评分 的对称归一化价差，减少量纲影响。,fund_profitability_sym_fd_profitability_raw_02__fd_profitability_score = (列(盈利能力原始指标02) - 列(盈利能力综合评分)) / (|列(盈利能力原始指标02)| + |列(盈利能力综合评分)| + EPS),"fund_profitability symmetric spread fd_profitability_raw_02,fd_profitability_score",True,fundamental
fund_profitability_sym_fd_profitability_raw_02__fd_profitability_trend,5min,Fundamental Packages,fund_profitability,fund_profitability,基本面盈利能力包·盈利能力原始指标02-盈利能力趋势变化对称价差,构造 盈利能力原始指标02 与 盈利能力趋势变化 的对称归一化价差，减少量纲影响。,fund_profitability_sym_fd_profitability_raw_02__fd_profitability_trend = (列(盈利能力原始指标02) - 列(盈利能力趋势变化)) / (|列(盈利能力原始指标02)| + |列(盈利能力趋势变化)| + EPS),"fund_profitability symmetric spread fd_profitability_raw_02,fd_profitability_trend",True,fundamental
fund_profitability_sym_fd_profitability_raw_03__fd_profitability_disp,5min,Fundamental Packages,fund_profitability,fund_profitability,基本面盈利能力包·盈利能力原始指标03-盈利能力离散度对称价差,构造 盈利能力原始指标03 与 盈利能力离散度 的对称归一化价差，减少量纲影响。,fund_profitability_sym_fd_profitability_raw_03__fd_profitability_disp = (列(盈利能力原始指标03) - 列(盈利能力离散度)) / (|列(盈利能力原始指标03)| + |列(盈利能力离散度)| + EPS),"fund_profitability symmetric spread fd_profitability_raw_03,fd_profitability_disp",True,fundamental
fund_profitability_sym_fd_profitability_raw_03__fd_profitability_raw_04,5min,Fundamental Packages,fund_profitability,fund_profitability,基本面盈利能力包·盈利能力原始指标03-盈利能力原始指标04对称价差,构造 盈利能力原始指标03 与 盈利能力原始指标04 的对称归一化价差，减少量纲影响。,fund_profitability_sym_fd_profitability_raw_03__fd_profitability_raw_04 = (列(盈利能力原始指标03) - 列(盈利能力原始指标04)) / (|列(盈利能力原始指标03)| + |列(盈利能力原始指标04)| + EPS),"fund_profitability symmetric spread fd_profitability_raw_03,fd_profitability_raw_04",True,fundamental
fund_profitability_sym_fd_profitability_raw_03__fd_profitability_raw_05,5min,Fundamental Packages,fund_profitability,fund_profitability,基本面盈利能力包·盈利能力原始指标03-盈利能力原始指标05对称价差,构造 盈利能力原始指标03 与 盈利能力原始指标05 的对称归一化价差，减少量纲影响。,fund_profitability_sym_fd_profitability_raw_03__fd_profitability_raw_05 = (列(盈利能力原始指标03) - 列(盈利能力原始指标05)) / (|列(盈利能力原始指标03)| + |列(盈利能力原始指标05)| + EPS),"fund_profitability symmetric spread fd_profitability_raw_03,fd_profitability_raw_05",True,fundamental
fund_profitability_sym_fd_profitability_raw_03__fd_profitability_score,5min,Fundamental Packages,fund_profitability,fund_profitability,基本面盈利能力包·盈利能力原始指标03-盈利能力综合评分对称价差,构造 盈利能力原始指标03 与 盈利能力综合评分 的对称归一化价差，减少量纲影响。,fund_profitability_sym_fd_profitability_raw_03__fd_profitability_score = (列(盈利能力原始指标03) - 列(盈利能力综合评分)) / (|列(盈利能力原始指标03)| + |列(盈利能力综合评分)| + EPS),"fund_profitability symmetric spread fd_profitability_raw_03,fd_profitability_score",True,fundamental
fund_profitability_sym_fd_profitability_raw_03__fd_profitability_trend,5min,Fundamental Packages,fund_profitability,fund_profitability,基本面盈利能力包·盈利能力原始指标03-盈利能力趋势变化对称价差,构造 盈利能力原始指标03 与 盈利能力趋势变化 的对称归一化价差，减少量纲影响。,fund_profitability_sym_fd_profitability_raw_03__fd_profitability_trend = (列(盈利能力原始指标03) - 列(盈利能力趋势变化)) / (|列(盈利能力原始指标03)| + |列(盈利能力趋势变化)| + EPS),"fund_profitability symmetric spread fd_profitability_raw_03,fd_profitability_trend",True,fundamental
fund_profitability_sym_fd_profitability_raw_04__fd_profitability_disp,5min,Fundamental Packages,fund_profitability,fund_profitability,基本面盈利能力包·盈利能力原始指标04-盈利能力离散度对称价差,构造 盈利能力原始指标04 与 盈利能力离散度 的对称归一化价差，减少量纲影响。,fund_profitability_sym_fd_profitability_raw_04__fd_profitability_disp = (列(盈利能力原始指标04) - 列(盈利能力离散度)) / (|列(盈利能力原始指标04)| + |列(盈利能力离散度)| + EPS),"fund_profitability symmetric spread fd_profitability_raw_04,fd_profitability_disp",True,fundamental
fund_profitability_sym_fd_profitability_raw_04__fd_profitability_raw_05,5min,Fundamental Packages,fund_profitability,fund_profitability,基本面盈利能力包·盈利能力原始指标04-盈利能力原始指标05对称价差,构造 盈利能力原始指标04 与 盈利能力原始指标05 的对称归一化价差，减少量纲影响。,fund_profitability_sym_fd_profitability_raw_04__fd_profitability_raw_05 = (列(盈利能力原始指标04) - 列(盈利能力原始指标05)) / (|列(盈利能力原始指标04)| + |列(盈利能力原始指标05)| + EPS),"fund_profitability symmetric spread fd_profitability_raw_04,fd_profitability_raw_05",True,fundamental
fund_profitability_sym_fd_profitability_raw_04__fd_profitability_score,5min,Fundamental Packages,fund_profitability,fund_profitability,基本面盈利能力包·盈利能力原始指标04-盈利能力综合评分对称价差,构造 盈利能力原始指标04 与 盈利能力综合评分 的对称归一化价差，减少量纲影响。,fund_profitability_sym_fd_profitability_raw_04__fd_profitability_score = (列(盈利能力原始指标04) - 列(盈利能力综合评分)) / (|列(盈利能力原始指标04)| + |列(盈利能力综合评分)| + EPS),"fund_profitability symmetric spread fd_profitability_raw_04,fd_profitability_score",True,fundamental
fund_profitability_sym_fd_profitability_raw_04__fd_profitability_trend,5min,Fundamental Packages,fund_profitability,fund_profitability,基本面盈利能力包·盈利能力原始指标04-盈利能力趋势变化对称价差,构造 盈利能力原始指标04 与 盈利能力趋势变化 的对称归一化价差，减少量纲影响。,fund_profitability_sym_fd_profitability_raw_04__fd_profitability_trend = (列(盈利能力原始指标04) - 列(盈利能力趋势变化)) / (|列(盈利能力原始指标04)| + |列(盈利能力趋势变化)| + EPS),"fund_profitability symmetric spread fd_profitability_raw_04,fd_profitability_trend",True,fundamental
fund_profitability_sym_fd_profitability_raw_05__fd_profitability_disp,5min,Fundamental Packages,fund_profitability,fund_profitability,基本面盈利能力包·盈利能力原始指标05-盈利能力离散度对称价差,构造 盈利能力原始指标05 与 盈利能力离散度 的对称归一化价差，减少量纲影响。,fund_profitability_sym_fd_profitability_raw_05__fd_profitability_disp = (列(盈利能力原始指标05) - 列(盈利能力离散度)) / (|列(盈利能力原始指标05)| + |列(盈利能力离散度)| + EPS),"fund_profitability symmetric spread fd_profitability_raw_05,fd_profitability_disp",True,fundamental
fund_profitability_sym_fd_profitability_raw_05__fd_profitability_score,5min,Fundamental Packages,fund_profitability,fund_profitability,基本面盈利能力包·盈利能力原始指标05-盈利能力综合评分对称价差,构造 盈利能力原始指标05 与 盈利能力综合评分 的对称归一化价差，减少量纲影响。,fund_profitability_sym_fd_profitability_raw_05__fd_profitability_score = (列(盈利能力原始指标05) - 列(盈利能力综合评分)) / (|列(盈利能力原始指标05)| + |列(盈利能力综合评分)| + EPS),"fund_profitability symmetric spread fd_profitability_raw_05,fd_profitability_score",True,fundamental
fund_profitability_sym_fd_profitability_raw_05__fd_profitability_trend,5min,Fundamental Packages,fund_profitability,fund_profitability,基本面盈利能力包·盈利能力原始指标05-盈利能力趋势变化对称价差,构造 盈利能力原始指标05 与 盈利能力趋势变化 的对称归一化价差，减少量纲影响。,fund_profitability_sym_fd_profitability_raw_05__fd_profitability_trend = (列(盈利能力原始指标05) - 列(盈利能力趋势变化)) / (|列(盈利能力原始指标05)| + |列(盈利能力趋势变化)| + EPS),"fund_profitability symmetric spread fd_profitability_raw_05,fd_profitability_trend",True,fundamental
fund_profitability_sym_fd_profitability_score__fd_profitability_disp,5min,Fundamental Packages,fund_profitability,fund_profitability,基本面盈利能力包·盈利能力综合评分-盈利能力离散度对称价差,构造 盈利能力综合评分 与 盈利能力离散度 的对称归一化价差，减少量纲影响。,fund_profitability_sym_fd_profitability_score__fd_profitability_disp = (列(盈利能力综合评分) - 列(盈利能力离散度)) / (|列(盈利能力综合评分)| + |列(盈利能力离散度)| + EPS),"fund_profitability symmetric spread fd_profitability_score,fd_profitability_disp",True,fundamental
fund_profitability_sym_fd_profitability_score__fd_profitability_trend,5min,Fundamental Packages,fund_profitability,fund_profitability,基本面盈利能力包·盈利能力综合评分-盈利能力趋势变化对称价差,构造 盈利能力综合评分 与 盈利能力趋势变化 的对称归一化价差，减少量纲影响。,fund_profitability_sym_fd_profitability_score__fd_profitability_trend = (列(盈利能力综合评分) - 列(盈利能力趋势变化)) / (|列(盈利能力综合评分)| + |列(盈利能力趋势变化)| + EPS),"fund_profitability symmetric spread fd_profitability_score,fd_profitability_trend",True,fundamental
fund_profitability_sym_fd_profitability_trend__fd_profitability_disp,5min,Fundamental Packages,fund_profitability,fund_profitability,基本面盈利能力包·盈利能力趋势变化-盈利能力离散度对称价差,构造 盈利能力趋势变化 与 盈利能力离散度 的对称归一化价差，减少量纲影响。,fund_profitability_sym_fd_profitability_trend__fd_profitability_disp = (列(盈利能力趋势变化) - 列(盈利能力离散度)) / (|列(盈利能力趋势变化)| + |列(盈利能力离散度)| + EPS),"fund_profitability symmetric spread fd_profitability_trend,fd_profitability_disp",True,fundamental
fund_profitability_tanh_fd_hf_profitability_flow,5min,Fundamental Packages,fund_profitability,fund_profitability,基本面盈利能力包·盈利能力高频资金流压缩,对 盈利能力高频资金流 做 tanh 压缩，降低极值影响，提升稳健性。,fund_profitability_tanh_fd_hf_profitability_flow = tanh(列(盈利能力高频资金流)),fund_profitability tanh fd_hf_profitability_flow,True,fundamental
fund_profitability_tanh_fd_hf_profitability_intraday,5min,Fundamental Packages,fund_profitability,fund_profitability,基本面盈利能力包·盈利能力高频日内压缩,对 盈利能力高频日内 做 tanh 压缩，降低极值影响，提升稳健性。,fund_profitability_tanh_fd_hf_profitability_intraday = tanh(列(盈利能力高频日内)),fund_profitability tanh fd_hf_profitability_intraday,True,fundamental
fund_profitability_tanh_fd_hf_profitability_jump,5min,Fundamental Packages,fund_profitability,fund_profitability,基本面盈利能力包·盈利能力高频跳跃压缩,对 盈利能力高频跳跃 做 tanh 压缩，降低极值影响，提升稳健性。,fund_profitability_tanh_fd_hf_profitability_jump = tanh(列(盈利能力高频跳跃)),fund_profitability tanh fd_hf_profitability_jump,True,fundamental
fund_profitability_tanh_fd_hf_profitability_sentiment,5min,Fundamental Packages,fund_profitability,fund_profitability,基本面盈利能力包·盈利能力高频情绪压缩,对 盈利能力高频情绪 做 tanh 压缩，降低极值影响，提升稳健性。,fund_profitability_tanh_fd_hf_profitability_sentiment = tanh(列(盈利能力高频情绪)),fund_profitability tanh fd_hf_profitability_sentiment,True,fundamental
fund_profitability_tanh_fd_hf_profitability_vwap,5min,Fundamental Packages,fund_profitability,fund_profitability,基本面盈利能力包·盈利能力高频VWAP压缩,对 盈利能力高频VWAP 做 tanh 压缩，降低极值影响，提升稳健性。,fund_profitability_tanh_fd_hf_profitability_vwap = tanh(列(盈利能力高频VWAP)),fund_profitability tanh fd_hf_profitability_vwap,True,fundamental
fund_profitability_tanh_fd_profitability_disp,5min,Fundamental Packages,fund_profitability,fund_profitability,基本面盈利能力包·盈利能力离散度压缩,对 盈利能力离散度 做 tanh 压缩，降低极值影响，提升稳健性。,fund_profitability_tanh_fd_profitability_disp = tanh(列(盈利能力离散度)),fund_profitability tanh fd_profitability_disp,True,fundamental
fund_profitability_tanh_fd_profitability_raw_01,5min,Fundamental Packages,fund_profitability,fund_profitability,基本面盈利能力包·盈利能力原始指标01压缩,对 盈利能力原始指标01 做 tanh 压缩，降低极值影响，提升稳健性。,fund_profitability_tanh_fd_profitability_raw_01 = tanh(列(盈利能力原始指标01)),fund_profitability tanh fd_profitability_raw_01,True,fundamental
fund_profitability_tanh_fd_profitability_raw_02,5min,Fundamental Packages,fund_profitability,fund_profitability,基本面盈利能力包·盈利能力原始指标02压缩,对 盈利能力原始指标02 做 tanh 压缩，降低极值影响，提升稳健性。,fund_profitability_tanh_fd_profitability_raw_02 = tanh(列(盈利能力原始指标02)),fund_profitability tanh fd_profitability_raw_02,True,fundamental
fund_profitability_tanh_fd_profitability_raw_03,5min,Fundamental Packages,fund_profitability,fund_profitability,基本面盈利能力包·盈利能力原始指标03压缩,对 盈利能力原始指标03 做 tanh 压缩，降低极值影响，提升稳健性。,fund_profitability_tanh_fd_profitability_raw_03 = tanh(列(盈利能力原始指标03)),fund_profitability tanh fd_profitability_raw_03,True,fundamental
fund_profitability_tanh_fd_profitability_raw_04,5min,Fundamental Packages,fund_profitability,fund_profitability,基本面盈利能力包·盈利能力原始指标04压缩,对 盈利能力原始指标04 做 tanh 压缩，降低极值影响，提升稳健性。,fund_profitability_tanh_fd_profitability_raw_04 = tanh(列(盈利能力原始指标04)),fund_profitability tanh fd_profitability_raw_04,True,fundamental
fund_profitability_tanh_fd_profitability_raw_05,5min,Fundamental Packages,fund_profitability,fund_profitability,基本面盈利能力包·盈利能力原始指标05压缩,对 盈利能力原始指标05 做 tanh 压缩，降低极值影响，提升稳健性。,fund_profitability_tanh_fd_profitability_raw_05 = tanh(列(盈利能力原始指标05)),fund_profitability tanh fd_profitability_raw_05,True,fundamental
fund_profitability_tanh_fd_profitability_score,5min,Fundamental Packages,fund_profitability,fund_profitability,基本面盈利能力包·盈利能力综合评分压缩,对 盈利能力综合评分 做 tanh 压缩，降低极值影响，提升稳健性。,fund_profitability_tanh_fd_profitability_score = tanh(列(盈利能力综合评分)),fund_profitability tanh fd_profitability_score,True,fundamental
fund_profitability_tanh_fd_profitability_trend,5min,Fundamental Packages,fund_profitability,fund_profitability,基本面盈利能力包·盈利能力趋势变化压缩,对 盈利能力趋势变化 做 tanh 压缩，降低极值影响，提升稳健性。,fund_profitability_tanh_fd_profitability_trend = tanh(列(盈利能力趋势变化)),fund_profitability tanh fd_profitability_trend,True,fundamental
